<?xml version="1.0" encoding="UTF-8"?>
<beans xmlns:mvc="http://www.springframework.org/schema/mvc"
	xmlns:xsi="http://www.w3.org/2001/XMLSchema-instance"
	xmlns="http://www.springframework.org/schema/beans"
	xmlns:context="http://www.springframework.org/schema/context"
	  xmlns:task="http://www.springframework.org/schema/task"
	xsi:schemaLocation="http://www.springframework.org/schema/mvc http://www.springframework.org/schema/mvc/spring-mvc.xsd
		http://www.springframework.org/schema/beans http://www.springframework.org/schema/beans/spring-beans.xsd
		http://www.springframework.org/schema/context http://www.springframework.org/schema/context/spring-context.xsd
		http://www.springframework.org/schema/task
		http://www.springframework.org/schema/task/spring-task-3.0.xsd">

	<!-- DispatcherServlet Context: defines this servlet's request-processing infrastructure -->
	
	<!-- Enables the Spring MVC @Controller programming model -->
	<mvc:annotation-driven />

	<!-- Handles HTTP GET requests for /resources/** by efficiently serving up static resources in the ${webappRoot}/resources directory -->
	<mvc:resources mapping="/resources/**" location="/resources/" />

	<!-- Resolves views selected for rendering by @Controllers to .jsp resources in the /WEB-INF/views directory -->
	<bean class="org.springframework.web.servlet.view.InternalResourceViewResolver">
		<property name="prefix" value="/WEB-INF/views/" />
		<property name="suffix" value=".jsp" />
	</bean>
	
	
	<context:component-scan base-package="com.blog.dmlgusthd" />
	
	<bean id="dataSource" class="org.apache.commons.dbcp.BasicDataSource">
        <property name="driverClassName" value="com.mysql.jdbc.Driver"/>
        <property name="url" value="jdbc:mysql://127.0.0.1:3306/jjdev"/>
        <property name="username" value="root"/>
        <property name="password" value="java0000"/>
    </bean>
    
    <!-- mybatis 세션생성을 위한 팩토리 생성 -->
	<bean id="sqlSessionFactory" class="org.mybatis.spring.SqlSessionFactoryBean">
		<!-- mybatis 세션생성시 사용할 dataSource주입 -->
		<property name="dataSource" ref="dataSource" />
		<!-- mybatis 세션생성후 쿼리를 실행시킬때 사용할 쿼리위치(메퍼)설정 -->
		<property name="mapperLocations">
		<!-- mapperLocations : 맵퍼 배열 -->
			<list>
			    <value>classpath:com/blog/dmlgusthd/service/Mapper.xml</value>
			</list>
		</property>
	</bean>
	
	<!-- mybatis를 사용해 db에접속하여 쿼리를 보내는 주체인 SqlSessionTemplate빈 생성-->
    <bean id="sqlSessionTemplate" class="org.mybatis.spring.SqlSessionTemplate">
        <constructor-arg index="0" ref="sqlSessionFactory" />
    </bean>
    
    <task:annotation-driven/>

</beans>